"Title","Link","Snippet","Type"
"Best Price Taxi Transfers","https://gettransfer.com/en","Описание не найдено","Ads"
"Gett: Choose a region","https://www.gett.com/","Ready to ride with Gett? You're currently outside of our main regions. Which site would you like to visit? UK IL.","Organic"
"Taxi Amsterdam | Want to order a taxi? Call","https://www.tcataxi.nl/en/","The largest taxi company in the Netherlands, with over 1500 drivers and 1250 cars. Call +31 (0)20 777 7777 | 7x7 | TCA: Recognisable, Reliable and Safe.","Organic"
"Book Your Amsterdam Taxi Online – Save Up to 70% Now!","https://www.staxi.nl/en/amsterdam-taxi/","Book your Amsterdam Taxi in seconds. Up To 70% Cheaper Online. Get your Fixed Fare and travel stress-free. 24/7 Amsterdam Taxi Service.","Organic"
"Amsterdam Taxis Near Me - Request Rides 24/7 with Uber","https://www.uber.com/nl/en/r/cities/taxi/amsterdam-noord-holland-nl/","The on-demand option for Amsterdam taxis is here. With the Uber app, riders and licensed taxi drivers can connect 24/7. Convenience is prioritized every step ...","Organic"
"Taxi in Amsterdam, Netherlands","https://gettransfer.com/en/directions/netherlands/amsterdam","GetTransfer.com offers unparalleled taxi services in Amsterdam, Netherlands, making your journey around the city and beyond a breeze.","Organic"
"Сайты с информацией о местах","https://www.iamsterdam.com/en/travel-stay/getting-around/taxis-in-amsterdam","Описание не найдено","Organic"
"Карта","https://amsterdamtaxibus.nl/","Описание не найдено","Organic"
"Book now your Taxi in Amsterdam online","https://talixo.com/taxi-amsterdam/","Enter your pickup point and time, select your car. Verify the booking details and select your preferred payment method. Our Talixo driver picks you up.","Organic"
"Book a taxi in Amsterdam","https://www.sixt.com/ride/taxi/amsterdam/","When you book a ride-share or on-demand taxi in Amsterdam on the SIXT App, enjoy cashless payments, and aligned prices with our local partners.","Organic"
"THE 15 BEST Netherlands Taxis & Shuttles (2026)","https://www.tripadvisor.com/Attractions-g188553-Activities-c59-t182-The_Netherlands.html","Sometimes you can get a taxi for your exact times, others will be approximate or to close-by stops. Sometimes they are so busy there is ...","Organic"
"Taxi to and from Schiphol","https://www.schiphol.nl/en/from-to-schiphol/taxi/","Get into a taxi at Schiphol's official taxi stand, in front of Schiphol Plaza. Always follow taxi signs so you know you are getting into an approved taxi.","Organic"

"Next Page Link","Не найдена","",""